YourID,ID1,ID2,ID3,ID4
301,311,333,322,312
302,304,351,330,331
303,304,320,340,331
304,351,340,330,303
309,315,324,340,324
311,312,313,316,319
314,316,344,340,349
315,332,324,321,324
316,314,344,340,349
319,321,348,329,330
320,327,324,303,350
321,324,332,314,324
323,340,324,321,307
324,327,331,335,339
327,363,331,324,324
328,301,330,343,316
329,321,324,332,315
330,329,311,343,304
331,338,302,334,303
334,331,338,351,350
338,324,316,314,331
339,363,324,340,345
340,349,345,328,314
341,323,314,340,315
342,324,350,324,324
343,314,344,309,330
344,316,314,328,324
345,340,328,327,314
348,329,321,319,330
349,340,343,312,316
350,324,334,332,342
351,304,328,334,312
363,350,342,332,315
